year,population_millions
-10000,2.0
-8500,2.2
-8000,2.5
-7000,2.7
-6000,3.1
-5000,4.2
-4500,5.5
-4000,6.7
-3500,9.0
-3000,13.0
-2500,19.0
-2000,27.0
-1500,37.0
-1250,46.0
-1000,54.0
-750,61.0
-650,70.0
-500,100.0
-400,140.0
-200,149.0
-10,175.0
1,188.0
100,195.0
200,202.0
250,203.0
300,205.0
360,200.0
380,199.0
410,197.0
450,208.0
500,210.0
550,205.0
600,210.0
650,215.0
700,220.0
750,225.0
800,230.0
890,240.0
950,260.0
1000,280.0
1050,320.0
1100,353.0
1150,370.0
1200,395.0
1250,409.0
1300,415.0
1330,425.0
1360,464.0
1380,385.0
1425,360.0
1450,380.0
1475,410.0
1500,457.0
1540,465.0
1575,530.0
1600,544.0
1620,556.0
1660,590.0
1700,603.0
1720,608.0
1735,656.0
1750,692.0
1760,760.0
1770,820.0
1790,920.0
1800,990.0
1802,1015.0
1805,1035.0
1810,1050.0
1815,1055.0
1820,1080.0
1822,1094.0
1824,1109.0
1828,1144.0
1832,1154.0
1835,1164.0
1838,1184.0
1841,1203.0
1844,1218.0
1847,1243.0
1850,1268.0
1854,1278.0
1857,1292.0
1860,1297.0
1863,1287.0
1866,1278.0
1869,1298.0
1870,1276.0
1873,1327.0
1875,1325.0
1876,1362.0
1880,1381.0
1884,1421.0
1888,1485.0
1890,1506.0
1892,1525.0
1894,1545.0
1896,1570.0
1898,1585.0
1900,1654.0
1902,1639.0
1904,1669.0
1906,1703.0
1908,1728.0
1910,1777.0
1912,1788.0
1913,1793.0
1914,1812.0
1916,1837.0
1918,1832.0
1920,1852.0
1922,1887.0
1924,1921.0
1925,2000.0
1926,1972.0
1928,2021.0
1930,2090.0
1932,2116.0
1934,2175.0
1937,2224.5
1940,2313.0
1945,2417.0
1947,2449.0
1948,2493.0
1950,2526.0
1951,2543.1
1952,2590.3
1953,2640.3
1954,2691.9
1955,2746.07
1956,2801.0
1957,2857.87
1958,2916.11
1959,2970.29
1960,3019.233
1961,3068.37
1962,3126.69
1963,3195.78
1964,3267.21
1965,3337.11
1966,3406.42
1967,3475.45
1968,3546.81
1969,3620.66
1970,3667.0
1971,3770.16
1972,3844.8
1973,3920.25
1974,3995.52
1975,4069.43
1976,4142.51
1977,4215.77
1978,4289.66
1979,4365.58
1980,4444.01
1981,4524.63
1982,4607.98
1983,4691.88
1984,4775.84
1985,4861.73
1986,4950.06
1987,5040.98
1988,5132.29
1989,5223.7
1990,5316.18
1991,5406.25
1992,5492.69
1993,5577.43
1994,5660.73
1995,5743.22
1996,5812.0
1997,5906.48
1998,5980.0
1999,6062.0
2000,6148.9
2001,6230.75
2002,6312.41
2003,6393.9
2004,6471.0
2005,6558.18
2006,6641.42
2007,6717.0
2008,6811.6
2009,6898.31
2010,6985.6
2011,7073.13
2012,7161.7
2013,7250.59
2014,7318.0
2015,7426.6
2016,7492.0
2017,7599.82
2018,7683.79
2019,7743.0
2020,7840.95
2021,7909.3
2022,8000.0
2023,8045.0
