year,patent_applications
1980,690601
1981,349248
1982,352707
1983,807807
1984,873176
1985,1563814
1986,1620989
1987,1715351
1988,1737244
1989,1754525
1990,1772769
1991,1719017
1992,1875587
1993,1922641
1994,1886534
1995,2054106
1996,2090920
1997,2895672
1998,2968835
1999,3121677
2000,3452149
2001,3519083
2002,3490695
2003,3620914
2004,3785959
2005,4072542
2006,4211902
2007,4428232
2008,4557419
2009,4512654
2010,4870672
2011,5385958
2012,5995424
2013,6733851
2014,7092784
2015,7742467
2016,8756688
2017,8916514
2018,9453956
2019,8861812
2020,9154699
2021,4674934
